{
  "service": {
    "name": "hotelreservation",
    "benchmark": "DeathStarBench",
    "environment": {
      "cluster": "minikube",
      "nodes": 1,
      "sockets": 1,
      "cores_per_socket": 8
    }
  },
  "baseline": {
    "throughput_rps": 989.65,
    "latency_ms": {
      "avg": 4850.0,
      "p50": 3650.0,
      "p75": 6120.0,
      "p90": 9430.0,
      "p99": 19200.0,
      "max": 72450.0
    },
    "hardware_counters": {
      "System - IPC": 0.6646666666666667,
      "System - L3MISS": 2.4226666666666667,
      "System - L2MISS": 10.906,
      "System - READ": 26.46933333333333,
      "System - WRITE": 4.767333333333332,
      "System Core C-States - C0res%": 3.9419999999999997,
      "System Core C-States - C1res%": 92.22733333333332,
      "System Core C-States - C6res%": 0.0
    }
  },
  "interference_profiles": [
    {
      "id": "TC-VM-01-cpu12.5",
      "type": "cpu12.5",
      "avg_hardware_counters": {
        "System - IPC": 0.7823076923076923,
        "System - L3MISS": 4.233846153846153,
        "System - L2MISS": 18.666923076923077,
        "System - READ": 26.19846153846154,
        "System - WRITE": 4.885384615384615,
        "System Core C-States - C0res%": 8.035384615384615,
        "System Core C-States - C1res%": 90.13076923076923,
        "System Core C-States - C6res%": 0.0
      },
      "performance": {
        "throughput_rps": 995.24,
        "latency_ms": {
          "avg": 7360.0,
          "p50": 5510.0,
          "p75": 9610.0,
          "p90": 15190.0,
          "p99": 28740.0,
          "max": 85180.0
        }
      },
      "sensitivity": {
        "p90_latency_ratio": 1.610816542948038,
        "throughput_ratio": 1.0056484615773253
      }
    },
    {
      "id": "TC-VM-01-cpu25",
      "type": "cpu25",
      "avg_hardware_counters": {
        "System - IPC": 0.8723076923076923,
        "System - L3MISS": 9.30076923076923,
        "System - L2MISS": 39.543076923076924,
        "System - READ": 22.86846153846154,
        "System - WRITE": 4.746923076923077,
        "System Core C-States - C0res%": 20.37076923076923,
        "System Core C-States - C1res%": 78.28384615384616,
        "System Core C-States - C6res%": 0.0
      },
      "performance": {
        "throughput_rps": 995.16,
        "latency_ms": {
          "avg": 12960.0,
          "p50": 9250.0,
          "p75": 17690.0,
          "p90": 28210.0,
          "p99": 51260.0,
          "max": 125950.0
        }
      },
      "sensitivity": {
        "p90_latency_ratio": 2.9915164369034994,
        "throughput_ratio": 1.0055676249179002
      }
    },
    {
      "id": "TC-VM-01-cpu50",
      "type": "cpu50",
      "avg_hardware_counters": {
        "System - IPC": 1.0146153846153847,
        "System - L3MISS": 2.463076923076923,
        "System - L2MISS": 9.247692307692308,
        "System - READ": 16.290769230769232,
        "System - WRITE": 4.386923076923077,
        "System Core C-States - C0res%": 7.380000000000001,
        "System Core C-States - C1res%": 92.07461538461537,
        "System Core C-States - C6res%": 0.0
      },
      "performance": {
        "throughput_rps": 985.14,
        "latency_ms": {
          "avg": 466440.0,
          "p50": 328190.0,
          "p75": 633850.0,
          "p90": 1050000.0,
          "p99": 2080000.0,
          "max": 4530000.0
        }
      },
      "sensitivity": {
        "p90_latency_ratio": 111.34676564156946,
        "throughput_ratio": 0.9954428333249129
      }
    },
    {
      "id": "TC-VM-01-cpu100",
      "type": "cpu100",
      "avg_hardware_counters": {
        "System - IPC": 1.0600000000000003,
        "System - L3MISS": 5.318461538461539,
        "System - L2MISS": 21.18846153846153,
        "System - READ": 12.633846153846152,
        "System - WRITE": 3.451538461538462,
        "System Core C-States - C0res%": 20.768461538461533,
        "System Core C-States - C1res%": 79.16461538461537,
        "System Core C-States - C6res%": 0.0
      },
      "performance": {
        "throughput_rps": 685.76,
        "latency_ms": {
          "avg": 10670000.0,
          "p50": 10530000.0,
          "p75": 14530000.0,
          "p90": 17380000.0,
          "p99": 21170000.0,
          "max": 24230000.0
        }
      },
      "sensitivity": {
        "p90_latency_ratio": 1843.0540827147402,
        "throughput_ratio": 0.6929318445915222
      }
    },
    {
      "id": "TC-VM-01-l3_1",
      "type": "l3_1",
      "avg_hardware_counters": {
        "System - IPC": 0.5630769230769231,
        "System - L3MISS": 3.065384615384615,
        "System - L2MISS": 7.523076923076924,
        "System - READ": 36.53153846153846,
        "System - WRITE": 22.444615384615382,
        "System Core C-States - C0res%": 5.66,
        "System Core C-States - C1res%": 93.0807692307692,
        "System Core C-States - C6res%": 0.0
      },
      "performance": {
        "throughput_rps": 968.02,
        "latency_ms": {
          "avg": 1340000.0,
          "p50": 989700.0,
          "p75": 1940000.0,
          "p90": 3070000.0,
          "p99": 4970000.0,
          "max": 7620000.0
        }
      },
      "sensitivity": {
        "p90_latency_ratio": 325.5567338282078,
        "throughput_ratio": 0.9781437882079523
      }
    },
    {
      "id": "TC-VM-01-l3_2",
      "type": "l3_2",
      "avg_hardware_counters": {
        "System - IPC": 0.33399999999999996,
        "System - L3MISS": 1.8780000000000001,
        "System - L2MISS": 5.114666666666666,
        "System - READ": 36.38666666666666,
        "System - WRITE": 24.92266666666667,
        "System Core C-States - C0res%": 5.914666666666665,
        "System Core C-States - C1res%": 93.93866666666668,
        "System Core C-States - C6res%": 0.0
      },
      "performance": {
        "throughput_rps": 596.68,
        "latency_ms": {
          "avg": 13570000.0,
          "p50": 13160000.0,
          "p75": 18600000.0,
          "p90": 22090000.0,
          "p99": 26480000.0,
          "max": 28880000.0
        }
      },
      "sensitivity": {
        "p90_latency_ratio": 2342.5238600212087,
        "throughput_ratio": 0.6029202243217299
      }
    },
    {
      "id": "TC-VM-01-l3_4",
      "type": "l3_4",
      "avg_hardware_counters": {
        "System - IPC": 0.19692307692307692,
        "System - L3MISS": 1.9569230769230768,
        "System - L2MISS": 4.430769230769231,
        "System - READ": 33.03615384615385,
        "System - WRITE": 25.839230769230767,
        "System Core C-States - C0res%": 11.219230769230766,
        "System Core C-States - C1res%": 88.78076923076924,
        "System Core C-States - C6res%": 0.0
      },
      "performance": {
        "throughput_rps": 186.05,
        "latency_ms": {
          "avg": 28820000.0,
          "p50": 28820000.0,
          "p75": 40470000.0,
          "p90": 44790000.0,
          "p99": 48560000.0,
          "max": NaN
        }
      },
      "sensitivity": {
        "p90_latency_ratio": 4749.7348886532345,
        "throughput_ratio": 0.1879957560753802
      }
    },
    {
      "id": "TC-VM-01-membw_1",
      "type": "membw_1",
      "avg_hardware_counters": {
        "System - IPC": 0.688,
        "System - L3MISS": 2.500666666666667,
        "System - L2MISS": 9.185333333333334,
        "System - READ": 45.33933333333334,
        "System - WRITE": 16.109333333333332,
        "System Core C-States - C0res%": 4.986000000000001,
        "System Core C-States - C1res%": 92.15066666666668,
        "System Core C-States - C6res%": 0.0
      },
      "performance": {
        "throughput_rps": 994.7,
        "latency_ms": {
          "avg": 24720.0,
          "p50": 18300.0,
          "p75": 32610.0,
          "p90": 51010.0,
          "p99": 102210.0,
          "max": 288000.0
        }
      },
      "sensitivity": {
        "p90_latency_ratio": 5.40933191940615,
        "throughput_ratio": 1.0051028141262064
      }
    },
    {
      "id": "TC-VM-01-membw_2",
      "type": "membw_2",